INSERT INTO PRODUCT (ID,DESCRIPTION,MANUFACTURER) VALUES (1, 'PRODUCT-1', 'OWNER-1');
INSERT INTO PRODUCT (ID,DESCRIPTION,MANUFACTURER) VALUES (2, 'PRODUCT-2', 'OWNER-2');
INSERT INTO PRODUCT (ID,DESCRIPTION,MANUFACTURER) VALUES (3, 'PRODUCT-3', 'OWNER-3');
INSERT INTO PRODUCT (ID,DESCRIPTION,MANUFACTURER) VALUES (4, 'PRODUCT-4', 'OWNER-4');
INSERT INTO PRODUCT (ID,DESCRIPTION,MANUFACTURER) VALUES (5, 'PRODUCT-5', 'OWNER-5');
INSERT INTO PRODUCT (ID,DESCRIPTION,MANUFACTURER) VALUES (6, 'PRODUCT-6', 'OWNER-6');
INSERT INTO PRODUCT (ID,DESCRIPTION,MANUFACTURER) VALUES (7, 'PRODUCT-7', 'OWNER-7');
INSERT INTO PRODUCT (ID,DESCRIPTION,MANUFACTURER) VALUES (8, 'PRODUCT-8', 'OWNER-8');
INSERT INTO PRODUCT (ID,DESCRIPTION,MANUFACTURER) VALUES (9, 'PRODUCT-9', 'OWNER-9');

INSERT INTO PRODUCT_LINE (ID, DESCRIPTION, PRODUCT_ID) VALUES (1,'LINE-01',1);
INSERT INTO PRODUCT_LINE (ID, DESCRIPTION, PRODUCT_ID) VALUES (2,'ALERT-11',1);
INSERT INTO PRODUCT_LINE (ID, DESCRIPTION, PRODUCT_ID) VALUES (3,'LINE-12',1);
INSERT INTO PRODUCT_LINE (ID, DESCRIPTION, PRODUCT_ID) VALUES (4,'CANDY-01',1);
INSERT INTO PRODUCT_LINE (ID, DESCRIPTION, PRODUCT_ID) VALUES (5,'LINE-11',1);
INSERT INTO PRODUCT_LINE (ID, DESCRIPTION, PRODUCT_ID) VALUES (6,'FIRE-12',1);
INSERT INTO PRODUCT_LINE (ID, DESCRIPTION, PRODUCT_ID) VALUES (7,'LINEAR-02',2);
INSERT INTO PRODUCT_LINE (ID, DESCRIPTION, PRODUCT_ID) VALUES (8,'ASCEND-22',2);
INSERT INTO PRODUCT_LINE (ID, DESCRIPTION, PRODUCT_ID) VALUES (9,'TRAVEL-2',2);
INSERT INTO PRODUCT_LINE (ID, DESCRIPTION, PRODUCT_ID) VALUES (10,'OFFICE-01',2);

INSERT INTO REGION (ID, DESCRIPTION, PRODUCT_ID) VALUES (1,'AL',1);
INSERT INTO REGION (ID, DESCRIPTION, PRODUCT_ID) VALUES (2,'NV',1);
INSERT INTO REGION (ID, DESCRIPTION, PRODUCT_ID) VALUES (3,'GA',1);
INSERT INTO REGION (ID, DESCRIPTION, PRODUCT_ID) VALUES (4,'CA',1);
INSERT INTO REGION (ID, DESCRIPTION, PRODUCT_ID) VALUES (5,'TX',2);
INSERT INTO REGION (ID, DESCRIPTION, PRODUCT_ID) VALUES (6,'WA',2);
INSERT INTO REGION (ID, DESCRIPTION, PRODUCT_ID) VALUES (7,'FL',2);
INSERT INTO REGION (ID, DESCRIPTION, PRODUCT_ID) VALUES (8,'MA',2);
INSERT INTO REGION (ID, DESCRIPTION, PRODUCT_ID) VALUES (9,'NV',2);
INSERT INTO REGION (ID, DESCRIPTION, PRODUCT_ID) VALUES (10,'CO',2);

COMMIT;

