INSERT INTO PRODUCT (ID,DESCRIPTION,MANUFACTURER) VALUES (1, 'PRODUCT-1', 'OWNER-1');
INSERT INTO PRODUCT (ID,DESCRIPTION,MANUFACTURER) VALUES (2, 'PRODUCT-2', 'OWNER-2');
INSERT INTO PRODUCT (ID,DESCRIPTION,MANUFACTURER) VALUES (3, 'PRODUCT-3', 'OWNER-3');
INSERT INTO PRODUCT (ID,DESCRIPTION,MANUFACTURER) VALUES (4, 'PRODUCT-4', 'OWNER-4');
INSERT INTO PRODUCT (ID,DESCRIPTION,MANUFACTURER) VALUES (5, 'PRODUCT-5', 'OWNER-5');
INSERT INTO PRODUCT (ID,DESCRIPTION,MANUFACTURER) VALUES (6, 'PRODUCT-6', 'OWNER-6');
INSERT INTO PRODUCT (ID,DESCRIPTION,MANUFACTURER) VALUES (7, 'PRODUCT-7', 'OWNER-7');
INSERT INTO PRODUCT (ID,DESCRIPTION,MANUFACTURER) VALUES (8, 'PRODUCT-8', 'OWNER-8');
INSERT INTO PRODUCT (ID,DESCRIPTION,MANUFACTURER) VALUES (9, 'PRODUCT-9', 'OWNER-9');

INSERT INTO SUPPLY_CHAIN (ID, DESCRIPTION) VALUES (1,'LINE-01');
INSERT INTO SUPPLY_CHAIN (ID, DESCRIPTION) VALUES (2,'ALERT-11');
INSERT INTO SUPPLY_CHAIN (ID, DESCRIPTION) VALUES (3,'LINE-12');
INSERT INTO SUPPLY_CHAIN (ID, DESCRIPTION) VALUES (4,'CANDY-01');
INSERT INTO SUPPLY_CHAIN (ID, DESCRIPTION) VALUES (5,'LINE-11');
INSERT INTO SUPPLY_CHAIN (ID, DESCRIPTION) VALUES (6,'FIRE-12');
INSERT INTO SUPPLY_CHAIN (ID, DESCRIPTION) VALUES (7,'LINEAR-02');
INSERT INTO SUPPLY_CHAIN (ID, DESCRIPTION) VALUES (8,'ASCEND-22');
INSERT INTO SUPPLY_CHAIN (ID, DESCRIPTION) VALUES (9,'TRAVEL-2');
INSERT INTO SUPPLY_CHAIN (ID, DESCRIPTION) VALUES (10,'OFFICE-01');

INSERT INTO REGION (ID, DESCRIPTION) VALUES (1,'AL');
INSERT INTO REGION (ID, DESCRIPTION) VALUES (2,'NV');
INSERT INTO REGION (ID, DESCRIPTION) VALUES (3,'GA');
INSERT INTO REGION (ID, DESCRIPTION) VALUES (4,'CA');
INSERT INTO REGION (ID, DESCRIPTION) VALUES (5,'TX');
INSERT INTO REGION (ID, DESCRIPTION) VALUES (6,'WA');
INSERT INTO REGION (ID, DESCRIPTION) VALUES (7,'FL');
INSERT INTO REGION (ID, DESCRIPTION) VALUES (8,'MA');
INSERT INTO REGION (ID, DESCRIPTION) VALUES (9,'ID');
INSERT INTO REGION (ID, DESCRIPTION) VALUES (10,'CO');

INSERT INTO SUPPLY_CHAIN_REF (ID, SUPPLY_CHAIN_ID, PRODUCT_ID) VALUES (1,1,1);
INSERT INTO SUPPLY_CHAIN_REF (ID, SUPPLY_CHAIN_ID, PRODUCT_ID) VALUES (2,2,1);
INSERT INTO SUPPLY_CHAIN_REF (ID, SUPPLY_CHAIN_ID, PRODUCT_ID) VALUES (3,3,1);
INSERT INTO SUPPLY_CHAIN_REF (ID, SUPPLY_CHAIN_ID, PRODUCT_ID) VALUES (4,2,2);
INSERT INTO SUPPLY_CHAIN_REF (ID, SUPPLY_CHAIN_ID, PRODUCT_ID) VALUES (5,5,2);
INSERT INTO SUPPLY_CHAIN_REF (ID, SUPPLY_CHAIN_ID, PRODUCT_ID) VALUES (6,7,3);
INSERT INTO SUPPLY_CHAIN_REF (ID, SUPPLY_CHAIN_ID, PRODUCT_ID) VALUES (7,8,5);
INSERT INTO SUPPLY_CHAIN_REF (ID, SUPPLY_CHAIN_ID, PRODUCT_ID) VALUES (8,10,9);

INSERT INTO REGION_REF (ID, REGION_ID, PRODUCT_ID) VALUES (1,5,1);
INSERT INTO REGION_REF (ID, REGION_ID, PRODUCT_ID) VALUES (2,3,2);
INSERT INTO REGION_REF (ID, REGION_ID, PRODUCT_ID) VALUES (3,4,2);
INSERT INTO REGION_REF (ID, REGION_ID, PRODUCT_ID) VALUES (4,2,3);
INSERT INTO REGION_REF (ID, REGION_ID, PRODUCT_ID) VALUES (5,5,4);
INSERT INTO REGION_REF (ID, REGION_ID, PRODUCT_ID) VALUES (6,6,5);
INSERT INTO REGION_REF (ID, REGION_ID, PRODUCT_ID) VALUES (7,9,5);
INSERT INTO REGION_REF (ID, REGION_ID, PRODUCT_ID) VALUES (8,10,7);

COMMIT;

